{
  "AWSTemplateFormatVersion": "2010-09-09",
  "Description": "The AWS CloudFormation template for this Serverless application",
  "Resources": {
    "ServerlessDeploymentBucket": {
      "Type": "AWS::S3::Bucket"
    },
    "GetAllRecordsLambdaFunction": {
      "Type": "AWS::Lambda::Function",
      "Properties": {
        "Code": {
          "S3Bucket": {
            "Ref": "ServerlessDeploymentBucket"
          },
          "S3Key": "serverless/terraform-demo/dev/1489608057981-2017-03-15T20:00:57.981Z/terraform-demo.zip"
        },
        "FunctionName": "terraform-demo-dev-getAllRecords",
        "Handler": "handler.terraDemoGetAllRecs",
        "MemorySize": 1024,
        "Role": "arn:aws:iam::164336801877:role/LambdaCallDynamoDB",
        "Runtime": "nodejs4.3",
        "Timeout": 6
      }
    },
    "GetAllRecordsLambdaVersionvBMTTdfZr3mFep8fmbKGQhX8Gju30uk5P08MGXCBec": {
      "Type": "AWS::Lambda::Version",
      "DeletionPolicy": "Retain",
      "Properties": {
        "FunctionName": {
          "Ref": "GetAllRecordsLambdaFunction"
        },
        "CodeSha256": "v+BMTTdfZr3mFep8fmbKGQhX8Gju30uk5P08MGXCBec="
      }
    },
    "ApiGatewayRestApi": {
      "Type": "AWS::ApiGateway::RestApi",
      "Properties": {
        "Name": "dev-terraform-demo"
      }
    },
    "ApiGatewayResourceTerrademogetallrecs": {
      "Type": "AWS::ApiGateway::Resource",
      "Properties": {
        "ParentId": {
          "Fn::GetAtt": [
            "ApiGatewayRestApi",
            "RootResourceId"
          ]
        },
        "PathPart": "terraDemoGetAllRecs",
        "RestApiId": {
          "Ref": "ApiGatewayRestApi"
        }
      }
    },
    "ApiGatewayMethodTerrademogetallrecsOptions": {
      "Type": "AWS::ApiGateway::Method",
      "Properties": {
        "AuthorizationType": "NONE",
        "HttpMethod": "OPTIONS",
        "MethodResponses": [
          {
            "StatusCode": "200",
            "ResponseParameters": {
              "method.response.header.Access-Control-Allow-Origin": true,
              "method.response.header.Access-Control-Allow-Headers": true,
              "method.response.header.Access-Control-Allow-Methods": true,
              "method.response.header.Access-Control-Allow-Credentials": true
            },
            "ResponseModels": {}
          }
        ],
        "RequestParameters": {},
        "Integration": {
          "Type": "MOCK",
          "RequestTemplates": {
            "application/json": "{statusCode:200}"
          },
          "IntegrationResponses": [
            {
              "StatusCode": "200",
              "ResponseParameters": {
                "method.response.header.Access-Control-Allow-Origin": "'*'",
                "method.response.header.Access-Control-Allow-Headers": "'Content-Type,X-Amz-Date,Authorization,X-Api-Key,X-Amz-Security-Token'",
                "method.response.header.Access-Control-Allow-Methods": "'OPTIONS,GET'",
                "method.response.header.Access-Control-Allow-Credentials": "'false'"
              },
              "ResponseTemplates": {
                "application/json": ""
              }
            }
          ]
        },
        "ResourceId": {
          "Ref": "ApiGatewayResourceTerrademogetallrecs"
        },
        "RestApiId": {
          "Ref": "ApiGatewayRestApi"
        }
      }
    },
    "ApiGatewayMethodTerrademogetallrecsGet": {
      "Type": "AWS::ApiGateway::Method",
      "Properties": {
        "HttpMethod": "GET",
        "RequestParameters": {},
        "ResourceId": {
          "Ref": "ApiGatewayResourceTerrademogetallrecs"
        },
        "RestApiId": {
          "Ref": "ApiGatewayRestApi"
        },
        "AuthorizationType": "NONE",
        "Integration": {
          "IntegrationHttpMethod": "POST",
          "Type": "AWS_PROXY",
          "Uri": {
            "Fn::Join": [
              "",
              [
                "arn:aws:apigateway:",
                {
                  "Ref": "AWS::Region"
                },
                ":lambda:path/2015-03-31/functions/",
                {
                  "Fn::GetAtt": [
                    "GetAllRecordsLambdaFunction",
                    "Arn"
                  ]
                },
                "/invocations"
              ]
            ]
          }
        },
        "MethodResponses": []
      }
    },
    "ApiGatewayDeployment1489608057990": {
      "Type": "AWS::ApiGateway::Deployment",
      "Properties": {
        "RestApiId": {
          "Ref": "ApiGatewayRestApi"
        },
        "StageName": "dev"
      },
      "DependsOn": [
        "ApiGatewayMethodTerrademogetallrecsGet"
      ]
    },
    "GetAllRecordsLambdaPermissionApiGateway": {
      "Type": "AWS::Lambda::Permission",
      "Properties": {
        "FunctionName": {
          "Fn::GetAtt": [
            "GetAllRecordsLambdaFunction",
            "Arn"
          ]
        },
        "Action": "lambda:InvokeFunction",
        "Principal": "apigateway.amazonaws.com",
        "SourceArn": {
          "Fn::Join": [
            "",
            [
              "arn:aws:execute-api:",
              {
                "Ref": "AWS::Region"
              },
              ":",
              {
                "Ref": "AWS::AccountId"
              },
              ":",
              {
                "Ref": "ApiGatewayRestApi"
              },
              "/*/*"
            ]
          ]
        }
      }
    }
  },
  "Outputs": {
    "ServerlessDeploymentBucketName": {
      "Value": {
        "Ref": "ServerlessDeploymentBucket"
      }
    },
    "GetAllRecordsLambdaFunctionQualifiedArn": {
      "Description": "Current Lambda function version",
      "Value": {
        "Ref": "GetAllRecordsLambdaVersionvBMTTdfZr3mFep8fmbKGQhX8Gju30uk5P08MGXCBec"
      }
    },
    "ServiceEndpoint": {
      "Description": "URL of the service endpoint",
      "Value": {
        "Fn::Join": [
          "",
          [
            "https://",
            {
              "Ref": "ApiGatewayRestApi"
            },
            ".execute-api.us-east-1.amazonaws.com/dev"
          ]
        ]
      }
    }
  }
}